gemeente,bestand,beslissing,pad
Gent,Besluit.pdf,bewaard_relevant,pdfs\Gent\Besluit.pdf
Gent,Besluit_10.pdf,verwijderen,pdfs\Gent\Besluit_10.pdf
Gent,Besluit_100.pdf,bewaard_relevant,pdfs\Gent\Besluit_100.pdf
Gent,Besluit_101.pdf,verwijderen,pdfs\Gent\Besluit_101.pdf
Gent,Besluit_102.pdf,verwijderen,pdfs\Gent\Besluit_102.pdf
Gent,Besluit_103.pdf,bewaard_relevant,pdfs\Gent\Besluit_103.pdf
Gent,Besluit_104.pdf,verwijderen,pdfs\Gent\Besluit_104.pdf
Gent,Besluit_105.pdf,bewaard_relevant,pdfs\Gent\Besluit_105.pdf
Gent,Besluit_106.pdf,bewaard_relevant,pdfs\Gent\Besluit_106.pdf
Gent,Besluit_107.pdf,verwijderen,pdfs\Gent\Besluit_107.pdf
Gent,Besluit_108.pdf,bewaard_relevant,pdfs\Gent\Besluit_108.pdf
Gent,Besluit_109.pdf,bewaard_relevant,pdfs\Gent\Besluit_109.pdf
Gent,Besluit_11.pdf,bewaard_relevant,pdfs\Gent\Besluit_11.pdf
Gent,Besluit_110.pdf,bewaard_relevant,pdfs\Gent\Besluit_110.pdf
Gent,Besluit_111.pdf,bewaard_relevant,pdfs\Gent\Besluit_111.pdf
Gent,Besluit_112.pdf,bewaard_relevant,pdfs\Gent\Besluit_112.pdf
Gent,Besluit_113.pdf,verwijderen,pdfs\Gent\Besluit_113.pdf
Gent,Besluit_114.pdf,verwijderen,pdfs\Gent\Besluit_114.pdf
Gent,Besluit_115.pdf,bewaard_relevant,pdfs\Gent\Besluit_115.pdf
Gent,Besluit_116.pdf,bewaard_relevant,pdfs\Gent\Besluit_116.pdf
Gent,Besluit_117.pdf,verwijderen,pdfs\Gent\Besluit_117.pdf
Gent,Besluit_118.pdf,bewaard_relevant,pdfs\Gent\Besluit_118.pdf
Gent,Besluit_119.pdf,verwijderen,pdfs\Gent\Besluit_119.pdf
Gent,Besluit_12.pdf,bewaard_relevant,pdfs\Gent\Besluit_12.pdf
Gent,Besluit_120.pdf,verwijderen,pdfs\Gent\Besluit_120.pdf
Gent,Besluit_121.pdf,verwijderen,pdfs\Gent\Besluit_121.pdf
Gent,Besluit_122.pdf,bewaard_relevant,pdfs\Gent\Besluit_122.pdf
Gent,Besluit_123.pdf,bewaard_relevant,pdfs\Gent\Besluit_123.pdf
Gent,Besluit_124.pdf,verwijderen,pdfs\Gent\Besluit_124.pdf
Gent,Besluit_125.pdf,bewaard_relevant,pdfs\Gent\Besluit_125.pdf
Gent,Besluit_126.pdf,bewaard_relevant,pdfs\Gent\Besluit_126.pdf
Gent,Besluit_127.pdf,bewaard_relevant,pdfs\Gent\Besluit_127.pdf
Gent,Besluit_128.pdf,bewaard_relevant,pdfs\Gent\Besluit_128.pdf
Gent,Besluit_129.pdf,verwijderen,pdfs\Gent\Besluit_129.pdf
Gent,Besluit_13.pdf,bewaard_relevant,pdfs\Gent\Besluit_13.pdf
Gent,Besluit_130.pdf,verwijderen,pdfs\Gent\Besluit_130.pdf
Gent,Besluit_131.pdf,verwijderen,pdfs\Gent\Besluit_131.pdf
Gent,Besluit_132.pdf,bewaard_relevant,pdfs\Gent\Besluit_132.pdf
Gent,Besluit_133.pdf,verwijderen,pdfs\Gent\Besluit_133.pdf
Gent,Besluit_134.pdf,bewaard_relevant,pdfs\Gent\Besluit_134.pdf
Gent,Besluit_135.pdf,verwijderen,pdfs\Gent\Besluit_135.pdf
Gent,Besluit_136.pdf,bewaard_relevant,pdfs\Gent\Besluit_136.pdf
Gent,Besluit_137.pdf,bewaard_relevant,pdfs\Gent\Besluit_137.pdf
Gent,Besluit_138.pdf,bewaard_relevant,pdfs\Gent\Besluit_138.pdf
Gent,Besluit_139.pdf,bewaard_relevant,pdfs\Gent\Besluit_139.pdf
Gent,Besluit_14.pdf,bewaard_relevant,pdfs\Gent\Besluit_14.pdf
Gent,Besluit_140.pdf,verwijderen,pdfs\Gent\Besluit_140.pdf
Gent,Besluit_141.pdf,bewaard_relevant,pdfs\Gent\Besluit_141.pdf
Gent,Besluit_142.pdf,verwijderen,pdfs\Gent\Besluit_142.pdf
Gent,Besluit_143.pdf,verwijderen,pdfs\Gent\Besluit_143.pdf
Gent,Besluit_144.pdf,verwijderen,pdfs\Gent\Besluit_144.pdf
Gent,Besluit_145.pdf,verwijderen,pdfs\Gent\Besluit_145.pdf
Gent,Besluit_146.pdf,bewaard_relevant,pdfs\Gent\Besluit_146.pdf
Gent,Besluit_147.pdf,verwijderen,pdfs\Gent\Besluit_147.pdf
Gent,Besluit_148.pdf,bewaard_relevant,pdfs\Gent\Besluit_148.pdf
Gent,Besluit_149.pdf,verwijderen,pdfs\Gent\Besluit_149.pdf
Gent,Besluit_15.pdf,bewaard_relevant,pdfs\Gent\Besluit_15.pdf
Gent,Besluit_150.pdf,bewaard_relevant,pdfs\Gent\Besluit_150.pdf
Gent,Besluit_151.pdf,verwijderen,pdfs\Gent\Besluit_151.pdf
Gent,Besluit_152.pdf,verwijderen,pdfs\Gent\Besluit_152.pdf
Gent,Besluit_153.pdf,bewaard_relevant,pdfs\Gent\Besluit_153.pdf
Gent,Besluit_154.pdf,bewaard_relevant,pdfs\Gent\Besluit_154.pdf
Gent,Besluit_155.pdf,verwijderen,pdfs\Gent\Besluit_155.pdf
Gent,Besluit_156.pdf,bewaard_relevant,pdfs\Gent\Besluit_156.pdf
Gent,Besluit_157.pdf,verwijderen,pdfs\Gent\Besluit_157.pdf
Gent,Besluit_158.pdf,bewaard_relevant,pdfs\Gent\Besluit_158.pdf
Gent,Besluit_159.pdf,bewaard_relevant,pdfs\Gent\Besluit_159.pdf
Gent,Besluit_16.pdf,verwijderen,pdfs\Gent\Besluit_16.pdf
Gent,Besluit_160.pdf,verwijderen,pdfs\Gent\Besluit_160.pdf
Gent,Besluit_161.pdf,bewaard_relevant,pdfs\Gent\Besluit_161.pdf
Gent,Besluit_162.pdf,bewaard_relevant,pdfs\Gent\Besluit_162.pdf
Gent,Besluit_163.pdf,bewaard_relevant,pdfs\Gent\Besluit_163.pdf
Gent,Besluit_164.pdf,bewaard_relevant,pdfs\Gent\Besluit_164.pdf
Gent,Besluit_165.pdf,verwijderen,pdfs\Gent\Besluit_165.pdf
Gent,Besluit_166.pdf,bewaard_relevant,pdfs\Gent\Besluit_166.pdf
Gent,Besluit_167.pdf,bewaard_relevant,pdfs\Gent\Besluit_167.pdf
Gent,Besluit_168.pdf,bewaard_relevant,pdfs\Gent\Besluit_168.pdf
Gent,Besluit_169.pdf,bewaard_relevant,pdfs\Gent\Besluit_169.pdf
Gent,Besluit_17.pdf,bewaard_relevant,pdfs\Gent\Besluit_17.pdf
Gent,Besluit_170.pdf,verwijderen,pdfs\Gent\Besluit_170.pdf
Gent,Besluit_171.pdf,verwijderen,pdfs\Gent\Besluit_171.pdf
Gent,Besluit_172.pdf,verwijderen,pdfs\Gent\Besluit_172.pdf
Gent,Besluit_173.pdf,bewaard_relevant,pdfs\Gent\Besluit_173.pdf
Gent,Besluit_174.pdf,bewaard_relevant,pdfs\Gent\Besluit_174.pdf
Gent,Besluit_175.pdf,verwijderen,pdfs\Gent\Besluit_175.pdf
Gent,Besluit_176.pdf,verwijderen,pdfs\Gent\Besluit_176.pdf
Gent,Besluit_177.pdf,verwijderen,pdfs\Gent\Besluit_177.pdf
Gent,Besluit_178.pdf,bewaard_relevant,pdfs\Gent\Besluit_178.pdf
Gent,Besluit_179.pdf,verwijderen,pdfs\Gent\Besluit_179.pdf
Gent,Besluit_18.pdf,bewaard_relevant,pdfs\Gent\Besluit_18.pdf
Gent,Besluit_180.pdf,bewaard_relevant,pdfs\Gent\Besluit_180.pdf
Gent,Besluit_181.pdf,bewaard_relevant,pdfs\Gent\Besluit_181.pdf
Gent,Besluit_182.pdf,bewaard_relevant,pdfs\Gent\Besluit_182.pdf
Gent,Besluit_183.pdf,bewaard_relevant,pdfs\Gent\Besluit_183.pdf
Gent,Besluit_184.pdf,verwijderen,pdfs\Gent\Besluit_184.pdf
Gent,Besluit_185.pdf,bewaard_relevant,pdfs\Gent\Besluit_185.pdf
Gent,Besluit_186.pdf,verwijderen,pdfs\Gent\Besluit_186.pdf
Gent,Besluit_187.pdf,verwijderen,pdfs\Gent\Besluit_187.pdf
Gent,Besluit_188.pdf,bewaard_relevant,pdfs\Gent\Besluit_188.pdf
Gent,Besluit_189.pdf,verwijderen,pdfs\Gent\Besluit_189.pdf
Gent,Besluit_19.pdf,bewaard_relevant,pdfs\Gent\Besluit_19.pdf
Gent,Besluit_190.pdf,verwijderen,pdfs\Gent\Besluit_190.pdf
Gent,Besluit_191.pdf,bewaard_relevant,pdfs\Gent\Besluit_191.pdf
Gent,Besluit_192.pdf,verwijderen,pdfs\Gent\Besluit_192.pdf
Gent,Besluit_193.pdf,bewaard_relevant,pdfs\Gent\Besluit_193.pdf
Gent,Besluit_194.pdf,verwijderen,pdfs\Gent\Besluit_194.pdf
Gent,Besluit_195.pdf,bewaard_relevant,pdfs\Gent\Besluit_195.pdf
Gent,Besluit_196.pdf,bewaard_relevant,pdfs\Gent\Besluit_196.pdf
Gent,Besluit_197.pdf,verwijderen,pdfs\Gent\Besluit_197.pdf
Gent,Besluit_198.pdf,verwijderen,pdfs\Gent\Besluit_198.pdf
Gent,Besluit_199.pdf,bewaard_relevant,pdfs\Gent\Besluit_199.pdf
Gent,Besluit_2.pdf,bewaard_relevant,pdfs\Gent\Besluit_2.pdf
Gent,Besluit_20.pdf,bewaard_relevant,pdfs\Gent\Besluit_20.pdf
Gent,Besluit_200.pdf,bewaard_relevant,pdfs\Gent\Besluit_200.pdf
Gent,Besluit_201.pdf,verwijderen,pdfs\Gent\Besluit_201.pdf
Gent,Besluit_202.pdf,bewaard_relevant,pdfs\Gent\Besluit_202.pdf
Gent,Besluit_203.pdf,bewaard_relevant,pdfs\Gent\Besluit_203.pdf
Gent,Besluit_204.pdf,bewaard_relevant,pdfs\Gent\Besluit_204.pdf
Gent,Besluit_205.pdf,bewaard_relevant,pdfs\Gent\Besluit_205.pdf
Gent,Besluit_206.pdf,bewaard_relevant,pdfs\Gent\Besluit_206.pdf
Gent,Besluit_207.pdf,bewaard_relevant,pdfs\Gent\Besluit_207.pdf
Gent,Besluit_208.pdf,bewaard_relevant,pdfs\Gent\Besluit_208.pdf
Gent,Besluit_209.pdf,bewaard_relevant,pdfs\Gent\Besluit_209.pdf
Gent,Besluit_21.pdf,verwijderen,pdfs\Gent\Besluit_21.pdf
Gent,Besluit_210.pdf,verwijderen,pdfs\Gent\Besluit_210.pdf
Gent,Besluit_211.pdf,bewaard_relevant,pdfs\Gent\Besluit_211.pdf
Gent,Besluit_212.pdf,verwijderen,pdfs\Gent\Besluit_212.pdf
Gent,Besluit_213.pdf,bewaard_relevant,pdfs\Gent\Besluit_213.pdf
Gent,Besluit_214.pdf,bewaard_relevant,pdfs\Gent\Besluit_214.pdf
Gent,Besluit_215.pdf,bewaard_relevant,pdfs\Gent\Besluit_215.pdf
Gent,Besluit_216.pdf,bewaard_relevant,pdfs\Gent\Besluit_216.pdf
Gent,Besluit_217.pdf,verwijderen,pdfs\Gent\Besluit_217.pdf
Gent,Besluit_218.pdf,bewaard_relevant,pdfs\Gent\Besluit_218.pdf
Gent,Besluit_219.pdf,verwijderen,pdfs\Gent\Besluit_219.pdf
Gent,Besluit_22.pdf,bewaard_relevant,pdfs\Gent\Besluit_22.pdf
Gent,Besluit_220.pdf,bewaard_relevant,pdfs\Gent\Besluit_220.pdf
Gent,Besluit_221.pdf,bewaard_relevant,pdfs\Gent\Besluit_221.pdf
Gent,Besluit_222.pdf,verwijderen,pdfs\Gent\Besluit_222.pdf
Gent,Besluit_223.pdf,bewaard_relevant,pdfs\Gent\Besluit_223.pdf
Gent,Besluit_224.pdf,bewaard_relevant,pdfs\Gent\Besluit_224.pdf
Gent,Besluit_225.pdf,bewaard_relevant,pdfs\Gent\Besluit_225.pdf
Gent,Besluit_226.pdf,bewaard_relevant,pdfs\Gent\Besluit_226.pdf
Gent,Besluit_227.pdf,bewaard_relevant,pdfs\Gent\Besluit_227.pdf
Gent,Besluit_228.pdf,bewaard_relevant,pdfs\Gent\Besluit_228.pdf
Gent,Besluit_229.pdf,bewaard_relevant,pdfs\Gent\Besluit_229.pdf
Gent,Besluit_23.pdf,bewaard_relevant,pdfs\Gent\Besluit_23.pdf
Gent,Besluit_230.pdf,bewaard_relevant,pdfs\Gent\Besluit_230.pdf
Gent,Besluit_231.pdf,bewaard_relevant,pdfs\Gent\Besluit_231.pdf
Gent,Besluit_232.pdf,bewaard_relevant,pdfs\Gent\Besluit_232.pdf
Gent,Besluit_233.pdf,verwijderen,pdfs\Gent\Besluit_233.pdf
Gent,Besluit_234.pdf,bewaard_relevant,pdfs\Gent\Besluit_234.pdf
Gent,Besluit_235.pdf,bewaard_relevant,pdfs\Gent\Besluit_235.pdf
Gent,Besluit_236.pdf,bewaard_relevant,pdfs\Gent\Besluit_236.pdf
Gent,Besluit_237.pdf,verwijderen,pdfs\Gent\Besluit_237.pdf
Gent,Besluit_238.pdf,bewaard_relevant,pdfs\Gent\Besluit_238.pdf
Gent,Besluit_239.pdf,bewaard_relevant,pdfs\Gent\Besluit_239.pdf
Gent,Besluit_24.pdf,bewaard_relevant,pdfs\Gent\Besluit_24.pdf
Gent,Besluit_240.pdf,verwijderen,pdfs\Gent\Besluit_240.pdf
Gent,Besluit_241.pdf,bewaard_relevant,pdfs\Gent\Besluit_241.pdf
Gent,Besluit_242.pdf,bewaard_relevant,pdfs\Gent\Besluit_242.pdf
Gent,Besluit_243.pdf,bewaard_relevant,pdfs\Gent\Besluit_243.pdf
Gent,Besluit_244.pdf,bewaard_relevant,pdfs\Gent\Besluit_244.pdf
Gent,Besluit_245.pdf,bewaard_relevant,pdfs\Gent\Besluit_245.pdf
Gent,Besluit_246.pdf,bewaard_relevant,pdfs\Gent\Besluit_246.pdf
Gent,Besluit_247.pdf,bewaard_relevant,pdfs\Gent\Besluit_247.pdf
Gent,Besluit_248.pdf,bewaard_relevant,pdfs\Gent\Besluit_248.pdf
Gent,Besluit_249.pdf,bewaard_relevant,pdfs\Gent\Besluit_249.pdf
Gent,Besluit_25.pdf,verwijderen,pdfs\Gent\Besluit_25.pdf
Gent,Besluit_250.pdf,bewaard_relevant,pdfs\Gent\Besluit_250.pdf
Gent,Besluit_251.pdf,bewaard_relevant,pdfs\Gent\Besluit_251.pdf
Gent,Besluit_252.pdf,bewaard_relevant,pdfs\Gent\Besluit_252.pdf
Gent,Besluit_253.pdf,bewaard_relevant,pdfs\Gent\Besluit_253.pdf
Gent,Besluit_254.pdf,verwijderen,pdfs\Gent\Besluit_254.pdf
Gent,Besluit_255.pdf,bewaard_relevant,pdfs\Gent\Besluit_255.pdf
Gent,Besluit_256.pdf,bewaard_relevant,pdfs\Gent\Besluit_256.pdf
Gent,Besluit_257.pdf,bewaard_relevant,pdfs\Gent\Besluit_257.pdf
Gent,Besluit_258.pdf,bewaard_relevant,pdfs\Gent\Besluit_258.pdf
Gent,Besluit_259.pdf,bewaard_relevant,pdfs\Gent\Besluit_259.pdf
Gent,Besluit_26.pdf,bewaard_relevant,pdfs\Gent\Besluit_26.pdf
Gent,Besluit_260.pdf,bewaard_relevant,pdfs\Gent\Besluit_260.pdf
Gent,Besluit_261.pdf,bewaard_relevant,pdfs\Gent\Besluit_261.pdf
Gent,Besluit_262.pdf,bewaard_relevant,pdfs\Gent\Besluit_262.pdf
Gent,Besluit_263.pdf,bewaard_relevant,pdfs\Gent\Besluit_263.pdf
Gent,Besluit_264.pdf,bewaard_relevant,pdfs\Gent\Besluit_264.pdf
Gent,Besluit_265.pdf,bewaard_relevant,pdfs\Gent\Besluit_265.pdf
Gent,Besluit_266.pdf,bewaard_relevant,pdfs\Gent\Besluit_266.pdf
Gent,Besluit_267.pdf,bewaard_relevant,pdfs\Gent\Besluit_267.pdf
Gent,Besluit_268.pdf,bewaard_relevant,pdfs\Gent\Besluit_268.pdf
Gent,Besluit_269.pdf,bewaard_relevant,pdfs\Gent\Besluit_269.pdf
Gent,Besluit_27.pdf,bewaard_relevant,pdfs\Gent\Besluit_27.pdf
Gent,Besluit_270.pdf,bewaard_relevant,pdfs\Gent\Besluit_270.pdf
Gent,Besluit_271.pdf,bewaard_relevant,pdfs\Gent\Besluit_271.pdf
Gent,Besluit_272.pdf,bewaard_relevant,pdfs\Gent\Besluit_272.pdf
Gent,Besluit_273.pdf,bewaard_relevant,pdfs\Gent\Besluit_273.pdf
Gent,Besluit_274.pdf,bewaard_relevant,pdfs\Gent\Besluit_274.pdf
Gent,Besluit_275.pdf,bewaard_relevant,pdfs\Gent\Besluit_275.pdf
Gent,Besluit_276.pdf,bewaard_relevant,pdfs\Gent\Besluit_276.pdf
Gent,Besluit_277.pdf,verwijderen,pdfs\Gent\Besluit_277.pdf
Gent,Besluit_278.pdf,bewaard_relevant,pdfs\Gent\Besluit_278.pdf
Gent,Besluit_279.pdf,bewaard_relevant,pdfs\Gent\Besluit_279.pdf
Gent,Besluit_28.pdf,bewaard_relevant,pdfs\Gent\Besluit_28.pdf
Gent,Besluit_280.pdf,bewaard_relevant,pdfs\Gent\Besluit_280.pdf
Gent,Besluit_281.pdf,bewaard_relevant,pdfs\Gent\Besluit_281.pdf
Gent,Besluit_282.pdf,bewaard_relevant,pdfs\Gent\Besluit_282.pdf
Gent,Besluit_283.pdf,bewaard_relevant,pdfs\Gent\Besluit_283.pdf
Gent,Besluit_284.pdf,bewaard_relevant,pdfs\Gent\Besluit_284.pdf
Gent,Besluit_285.pdf,bewaard_relevant,pdfs\Gent\Besluit_285.pdf
Gent,Besluit_286.pdf,bewaard_relevant,pdfs\Gent\Besluit_286.pdf
Gent,Besluit_287.pdf,bewaard_relevant,pdfs\Gent\Besluit_287.pdf
Gent,Besluit_288.pdf,bewaard_relevant,pdfs\Gent\Besluit_288.pdf
Gent,Besluit_289.pdf,bewaard_relevant,pdfs\Gent\Besluit_289.pdf
Gent,Besluit_29.pdf,bewaard_relevant,pdfs\Gent\Besluit_29.pdf
Gent,Besluit_290.pdf,bewaard_relevant,pdfs\Gent\Besluit_290.pdf
Gent,Besluit_291.pdf,bewaard_relevant,pdfs\Gent\Besluit_291.pdf
Gent,Besluit_292.pdf,bewaard_relevant,pdfs\Gent\Besluit_292.pdf
Gent,Besluit_293.pdf,bewaard_relevant,pdfs\Gent\Besluit_293.pdf
Gent,Besluit_294.pdf,bewaard_relevant,pdfs\Gent\Besluit_294.pdf
Gent,Besluit_295.pdf,bewaard_relevant,pdfs\Gent\Besluit_295.pdf
Gent,Besluit_296.pdf,bewaard_relevant,pdfs\Gent\Besluit_296.pdf
Gent,Besluit_297.pdf,bewaard_relevant,pdfs\Gent\Besluit_297.pdf
Gent,Besluit_298.pdf,bewaard_relevant,pdfs\Gent\Besluit_298.pdf
Gent,Besluit_299.pdf,verwijderen,pdfs\Gent\Besluit_299.pdf
Gent,Besluit_3.pdf,bewaard_relevant,pdfs\Gent\Besluit_3.pdf
Gent,Besluit_30.pdf,bewaard_relevant,pdfs\Gent\Besluit_30.pdf
Gent,Besluit_300.pdf,bewaard_relevant,pdfs\Gent\Besluit_300.pdf
Gent,Besluit_301.pdf,bewaard_relevant,pdfs\Gent\Besluit_301.pdf
Gent,Besluit_302.pdf,verwijderen,pdfs\Gent\Besluit_302.pdf
Gent,Besluit_303.pdf,verwijderen,pdfs\Gent\Besluit_303.pdf
Gent,Besluit_304.pdf,bewaard_relevant,pdfs\Gent\Besluit_304.pdf
Gent,Besluit_305.pdf,bewaard_relevant,pdfs\Gent\Besluit_305.pdf
Gent,Besluit_306.pdf,verwijderen,pdfs\Gent\Besluit_306.pdf
Gent,Besluit_307.pdf,bewaard_relevant,pdfs\Gent\Besluit_307.pdf
Gent,Besluit_308.pdf,bewaard_relevant,pdfs\Gent\Besluit_308.pdf
Gent,Besluit_309.pdf,verwijderen,pdfs\Gent\Besluit_309.pdf
Gent,Besluit_31.pdf,bewaard_relevant,pdfs\Gent\Besluit_31.pdf
Gent,Besluit_310.pdf,bewaard_relevant,pdfs\Gent\Besluit_310.pdf
Gent,Besluit_311.pdf,bewaard_relevant,pdfs\Gent\Besluit_311.pdf
Gent,Besluit_312.pdf,bewaard_relevant,pdfs\Gent\Besluit_312.pdf
Gent,Besluit_313.pdf,bewaard_relevant,pdfs\Gent\Besluit_313.pdf
Gent,Besluit_314.pdf,bewaard_relevant,pdfs\Gent\Besluit_314.pdf
Gent,Besluit_315.pdf,bewaard_relevant,pdfs\Gent\Besluit_315.pdf
Gent,Besluit_316.pdf,bewaard_relevant,pdfs\Gent\Besluit_316.pdf
Gent,Besluit_317.pdf,verwijderen,pdfs\Gent\Besluit_317.pdf
Gent,Besluit_318.pdf,bewaard_relevant,pdfs\Gent\Besluit_318.pdf
Gent,Besluit_319.pdf,bewaard_relevant,pdfs\Gent\Besluit_319.pdf
Gent,Besluit_32.pdf,verwijderen,pdfs\Gent\Besluit_32.pdf
Gent,Besluit_320.pdf,bewaard_relevant,pdfs\Gent\Besluit_320.pdf
Gent,Besluit_321.pdf,verwijderen,pdfs\Gent\Besluit_321.pdf
Gent,Besluit_322.pdf,bewaard_relevant,pdfs\Gent\Besluit_322.pdf
Gent,Besluit_323.pdf,bewaard_relevant,pdfs\Gent\Besluit_323.pdf
Gent,Besluit_324.pdf,bewaard_relevant,pdfs\Gent\Besluit_324.pdf
Gent,Besluit_325.pdf,bewaard_relevant,pdfs\Gent\Besluit_325.pdf
Gent,Besluit_326.pdf,verwijderen,pdfs\Gent\Besluit_326.pdf
Gent,Besluit_327.pdf,bewaard_relevant,pdfs\Gent\Besluit_327.pdf
Gent,Besluit_328.pdf,bewaard_relevant,pdfs\Gent\Besluit_328.pdf
Gent,Besluit_329.pdf,verwijderen,pdfs\Gent\Besluit_329.pdf
Gent,Besluit_33.pdf,verwijderen,pdfs\Gent\Besluit_33.pdf
Gent,Besluit_330.pdf,verwijderen,pdfs\Gent\Besluit_330.pdf
Gent,Besluit_331.pdf,bewaard_relevant,pdfs\Gent\Besluit_331.pdf
Gent,Besluit_332.pdf,bewaard_relevant,pdfs\Gent\Besluit_332.pdf
Gent,Besluit_333.pdf,bewaard_relevant,pdfs\Gent\Besluit_333.pdf
Gent,Besluit_334.pdf,verwijderen,pdfs\Gent\Besluit_334.pdf
Gent,Besluit_335.pdf,bewaard_relevant,pdfs\Gent\Besluit_335.pdf
Gent,Besluit_336.pdf,bewaard_relevant,pdfs\Gent\Besluit_336.pdf
Gent,Besluit_337.pdf,bewaard_relevant,pdfs\Gent\Besluit_337.pdf
Gent,Besluit_338.pdf,verwijderen,pdfs\Gent\Besluit_338.pdf
Gent,Besluit_339.pdf,bewaard_relevant,pdfs\Gent\Besluit_339.pdf
Gent,Besluit_34.pdf,bewaard_relevant,pdfs\Gent\Besluit_34.pdf
Gent,Besluit_340.pdf,verwijderen,pdfs\Gent\Besluit_340.pdf
Gent,Besluit_341.pdf,bewaard_relevant,pdfs\Gent\Besluit_341.pdf
Gent,Besluit_342.pdf,bewaard_relevant,pdfs\Gent\Besluit_342.pdf
Gent,Besluit_343.pdf,verwijderen,pdfs\Gent\Besluit_343.pdf
Gent,Besluit_344.pdf,bewaard_relevant,pdfs\Gent\Besluit_344.pdf
Gent,Besluit_345.pdf,bewaard_relevant,pdfs\Gent\Besluit_345.pdf
Gent,Besluit_346.pdf,bewaard_relevant,pdfs\Gent\Besluit_346.pdf
Gent,Besluit_347.pdf,bewaard_relevant,pdfs\Gent\Besluit_347.pdf
Gent,Besluit_348.pdf,verwijderen,pdfs\Gent\Besluit_348.pdf
Gent,Besluit_349.pdf,bewaard_relevant,pdfs\Gent\Besluit_349.pdf
Gent,Besluit_35.pdf,bewaard_relevant,pdfs\Gent\Besluit_35.pdf
Gent,Besluit_350.pdf,verwijderen,pdfs\Gent\Besluit_350.pdf
Gent,Besluit_351.pdf,bewaard_relevant,pdfs\Gent\Besluit_351.pdf
Gent,Besluit_352.pdf,verwijderen,pdfs\Gent\Besluit_352.pdf
Gent,Besluit_353.pdf,bewaard_relevant,pdfs\Gent\Besluit_353.pdf
Gent,Besluit_354.pdf,bewaard_relevant,pdfs\Gent\Besluit_354.pdf
Gent,Besluit_355.pdf,bewaard_relevant,pdfs\Gent\Besluit_355.pdf
Gent,Besluit_356.pdf,bewaard_relevant,pdfs\Gent\Besluit_356.pdf
Gent,Besluit_357.pdf,verwijderen,pdfs\Gent\Besluit_357.pdf
Gent,Besluit_358.pdf,bewaard_relevant,pdfs\Gent\Besluit_358.pdf
Gent,Besluit_359.pdf,verwijderen,pdfs\Gent\Besluit_359.pdf
Gent,Besluit_36.pdf,bewaard_relevant,pdfs\Gent\Besluit_36.pdf
Gent,Besluit_360.pdf,bewaard_relevant,pdfs\Gent\Besluit_360.pdf
Gent,Besluit_361.pdf,verwijderen,pdfs\Gent\Besluit_361.pdf
Gent,Besluit_362.pdf,bewaard_relevant,pdfs\Gent\Besluit_362.pdf
Gent,Besluit_363.pdf,verwijderen,pdfs\Gent\Besluit_363.pdf
Gent,Besluit_364.pdf,bewaard_relevant,pdfs\Gent\Besluit_364.pdf
Gent,Besluit_365.pdf,bewaard_relevant,pdfs\Gent\Besluit_365.pdf
Gent,Besluit_366.pdf,bewaard_relevant,pdfs\Gent\Besluit_366.pdf
Gent,Besluit_367.pdf,verwijderen,pdfs\Gent\Besluit_367.pdf
Gent,Besluit_368.pdf,verwijderen,pdfs\Gent\Besluit_368.pdf
Gent,Besluit_369.pdf,bewaard_relevant,pdfs\Gent\Besluit_369.pdf
Gent,Besluit_37.pdf,bewaard_relevant,pdfs\Gent\Besluit_37.pdf
Gent,Besluit_370.pdf,verwijderen,pdfs\Gent\Besluit_370.pdf
Gent,Besluit_371.pdf,bewaard_relevant,pdfs\Gent\Besluit_371.pdf
Gent,Besluit_372.pdf,verwijderen,pdfs\Gent\Besluit_372.pdf
Gent,Besluit_373.pdf,bewaard_relevant,pdfs\Gent\Besluit_373.pdf
Gent,Besluit_374.pdf,bewaard_relevant,pdfs\Gent\Besluit_374.pdf
Gent,Besluit_375.pdf,verwijderen,pdfs\Gent\Besluit_375.pdf
Gent,Besluit_376.pdf,bewaard_relevant,pdfs\Gent\Besluit_376.pdf
Gent,Besluit_377.pdf,verwijderen,pdfs\Gent\Besluit_377.pdf
Gent,Besluit_378.pdf,verwijderen,pdfs\Gent\Besluit_378.pdf
Gent,Besluit_379.pdf,bewaard_relevant,pdfs\Gent\Besluit_379.pdf
Gent,Besluit_38.pdf,bewaard_relevant,pdfs\Gent\Besluit_38.pdf
Gent,Besluit_380.pdf,verwijderen,pdfs\Gent\Besluit_380.pdf
Gent,Besluit_381.pdf,bewaard_relevant,pdfs\Gent\Besluit_381.pdf
Gent,Besluit_382.pdf,verwijderen,pdfs\Gent\Besluit_382.pdf
Gent,Besluit_383.pdf,verwijderen,pdfs\Gent\Besluit_383.pdf
Gent,Besluit_384.pdf,bewaard_relevant,pdfs\Gent\Besluit_384.pdf
Gent,Besluit_385.pdf,bewaard_relevant,pdfs\Gent\Besluit_385.pdf
Gent,Besluit_386.pdf,bewaard_relevant,pdfs\Gent\Besluit_386.pdf
Gent,Besluit_387.pdf,verwijderen,pdfs\Gent\Besluit_387.pdf
Gent,Besluit_388.pdf,bewaard_relevant,pdfs\Gent\Besluit_388.pdf
Gent,Besluit_389.pdf,verwijderen,pdfs\Gent\Besluit_389.pdf
Gent,Besluit_39.pdf,bewaard_relevant,pdfs\Gent\Besluit_39.pdf
Gent,Besluit_390.pdf,verwijderen,pdfs\Gent\Besluit_390.pdf
Gent,Besluit_391.pdf,verwijderen,pdfs\Gent\Besluit_391.pdf
Gent,Besluit_392.pdf,bewaard_relevant,pdfs\Gent\Besluit_392.pdf
Gent,Besluit_393.pdf,verwijderen,pdfs\Gent\Besluit_393.pdf
Gent,Besluit_394.pdf,bewaard_relevant,pdfs\Gent\Besluit_394.pdf
Gent,Besluit_395.pdf,verwijderen,pdfs\Gent\Besluit_395.pdf
Gent,Besluit_396.pdf,verwijderen,pdfs\Gent\Besluit_396.pdf
Gent,Besluit_397.pdf,verwijderen,pdfs\Gent\Besluit_397.pdf
Gent,Besluit_398.pdf,verwijderen,pdfs\Gent\Besluit_398.pdf
Gent,Besluit_399.pdf,verwijderen,pdfs\Gent\Besluit_399.pdf
Gent,Besluit_4.pdf,verwijderen,pdfs\Gent\Besluit_4.pdf
Gent,Besluit_40.pdf,verwijderen,pdfs\Gent\Besluit_40.pdf
Gent,Besluit_400.pdf,bewaard_relevant,pdfs\Gent\Besluit_400.pdf
Gent,Besluit_401.pdf,bewaard_relevant,pdfs\Gent\Besluit_401.pdf
Gent,Besluit_402.pdf,verwijderen,pdfs\Gent\Besluit_402.pdf
Gent,Besluit_403.pdf,bewaard_relevant,pdfs\Gent\Besluit_403.pdf
Gent,Besluit_404.pdf,verwijderen,pdfs\Gent\Besluit_404.pdf
Gent,Besluit_405.pdf,bewaard_relevant,pdfs\Gent\Besluit_405.pdf
Gent,Besluit_406.pdf,bewaard_relevant,pdfs\Gent\Besluit_406.pdf
Gent,Besluit_407.pdf,bewaard_relevant,pdfs\Gent\Besluit_407.pdf
Gent,Besluit_408.pdf,bewaard_relevant,pdfs\Gent\Besluit_408.pdf
Gent,Besluit_409.pdf,bewaard_relevant,pdfs\Gent\Besluit_409.pdf
Gent,Besluit_41.pdf,verwijderen,pdfs\Gent\Besluit_41.pdf
Gent,Besluit_410.pdf,bewaard_relevant,pdfs\Gent\Besluit_410.pdf
Gent,Besluit_411.pdf,bewaard_relevant,pdfs\Gent\Besluit_411.pdf
Gent,Besluit_412.pdf,bewaard_relevant,pdfs\Gent\Besluit_412.pdf
Gent,Besluit_413.pdf,bewaard_relevant,pdfs\Gent\Besluit_413.pdf
Gent,Besluit_414.pdf,verwijderen,pdfs\Gent\Besluit_414.pdf
Gent,Besluit_415.pdf,bewaard_relevant,pdfs\Gent\Besluit_415.pdf
Gent,Besluit_416.pdf,bewaard_relevant,pdfs\Gent\Besluit_416.pdf
Gent,Besluit_417.pdf,bewaard_relevant,pdfs\Gent\Besluit_417.pdf
Gent,Besluit_418.pdf,bewaard_relevant,pdfs\Gent\Besluit_418.pdf
Gent,Besluit_419.pdf,bewaard_relevant,pdfs\Gent\Besluit_419.pdf
Gent,Besluit_42.pdf,verwijderen,pdfs\Gent\Besluit_42.pdf
Gent,Besluit_420.pdf,bewaard_relevant,pdfs\Gent\Besluit_420.pdf
Gent,Besluit_421.pdf,bewaard_relevant,pdfs\Gent\Besluit_421.pdf
Gent,Besluit_422.pdf,verwijderen,pdfs\Gent\Besluit_422.pdf
Gent,Besluit_423.pdf,verwijderen,pdfs\Gent\Besluit_423.pdf
Gent,Besluit_424.pdf,bewaard_relevant,pdfs\Gent\Besluit_424.pdf
Gent,Besluit_425.pdf,verwijderen,pdfs\Gent\Besluit_425.pdf
Gent,Besluit_426.pdf,verwijderen,pdfs\Gent\Besluit_426.pdf
Gent,Besluit_427.pdf,bewaard_relevant,pdfs\Gent\Besluit_427.pdf
Gent,Besluit_428.pdf,verwijderen,pdfs\Gent\Besluit_428.pdf
Gent,Besluit_429.pdf,verwijderen,pdfs\Gent\Besluit_429.pdf
Gent,Besluit_43.pdf,verwijderen,pdfs\Gent\Besluit_43.pdf
Gent,Besluit_430.pdf,verwijderen,pdfs\Gent\Besluit_430.pdf
Gent,Besluit_431.pdf,verwijderen,pdfs\Gent\Besluit_431.pdf
Gent,Besluit_432.pdf,verwijderen,pdfs\Gent\Besluit_432.pdf
Gent,Besluit_433.pdf,verwijderen,pdfs\Gent\Besluit_433.pdf
Gent,Besluit_434.pdf,verwijderen,pdfs\Gent\Besluit_434.pdf
Gent,Besluit_435.pdf,verwijderen,pdfs\Gent\Besluit_435.pdf
Gent,Besluit_436.pdf,verwijderen,pdfs\Gent\Besluit_436.pdf
Gent,Besluit_437.pdf,verwijderen,pdfs\Gent\Besluit_437.pdf
Gent,Besluit_438.pdf,verwijderen,pdfs\Gent\Besluit_438.pdf
Gent,Besluit_439.pdf,verwijderen,pdfs\Gent\Besluit_439.pdf
Gent,Besluit_44.pdf,bewaard_relevant,pdfs\Gent\Besluit_44.pdf
Gent,Besluit_440.pdf,bewaard_relevant,pdfs\Gent\Besluit_440.pdf
Gent,Besluit_441.pdf,bewaard_relevant,pdfs\Gent\Besluit_441.pdf
Gent,Besluit_442.pdf,verwijderen,pdfs\Gent\Besluit_442.pdf
Gent,Besluit_443.pdf,bewaard_relevant,pdfs\Gent\Besluit_443.pdf
Gent,Besluit_444.pdf,verwijderen,pdfs\Gent\Besluit_444.pdf
Gent,Besluit_445.pdf,verwijderen,pdfs\Gent\Besluit_445.pdf
Gent,Besluit_446.pdf,verwijderen,pdfs\Gent\Besluit_446.pdf
Gent,Besluit_447.pdf,bewaard_relevant,pdfs\Gent\Besluit_447.pdf
Gent,Besluit_448.pdf,bewaard_relevant,pdfs\Gent\Besluit_448.pdf
Gent,Besluit_449.pdf,bewaard_relevant,pdfs\Gent\Besluit_449.pdf
Gent,Besluit_45.pdf,verwijderen,pdfs\Gent\Besluit_45.pdf
Gent,Besluit_450.pdf,verwijderen,pdfs\Gent\Besluit_450.pdf
Gent,Besluit_451.pdf,verwijderen,pdfs\Gent\Besluit_451.pdf
Gent,Besluit_452.pdf,verwijderen,pdfs\Gent\Besluit_452.pdf
Gent,Besluit_453.pdf,verwijderen,pdfs\Gent\Besluit_453.pdf
Gent,Besluit_454.pdf,verwijderen,pdfs\Gent\Besluit_454.pdf
Gent,Besluit_455.pdf,verwijderen,pdfs\Gent\Besluit_455.pdf
Gent,Besluit_456.pdf,verwijderen,pdfs\Gent\Besluit_456.pdf
Gent,Besluit_457.pdf,verwijderen,pdfs\Gent\Besluit_457.pdf
Gent,Besluit_458.pdf,bewaard_relevant,pdfs\Gent\Besluit_458.pdf
Gent,Besluit_459.pdf,bewaard_relevant,pdfs\Gent\Besluit_459.pdf
Gent,Besluit_46.pdf,bewaard_relevant,pdfs\Gent\Besluit_46.pdf
Gent,Besluit_460.pdf,bewaard_relevant,pdfs\Gent\Besluit_460.pdf
Gent,Besluit_461.pdf,verwijderen,pdfs\Gent\Besluit_461.pdf
Gent,Besluit_462.pdf,verwijderen,pdfs\Gent\Besluit_462.pdf
Gent,Besluit_463.pdf,bewaard_relevant,pdfs\Gent\Besluit_463.pdf
Gent,Besluit_464.pdf,bewaard_relevant,pdfs\Gent\Besluit_464.pdf
Gent,Besluit_465.pdf,bewaard_relevant,pdfs\Gent\Besluit_465.pdf
Gent,Besluit_466.pdf,bewaard_relevant,pdfs\Gent\Besluit_466.pdf
Gent,Besluit_467.pdf,bewaard_relevant,pdfs\Gent\Besluit_467.pdf
Gent,Besluit_468.pdf,bewaard_relevant,pdfs\Gent\Besluit_468.pdf
Gent,Besluit_469.pdf,bewaard_relevant,pdfs\Gent\Besluit_469.pdf
Gent,Besluit_47.pdf,verwijderen,pdfs\Gent\Besluit_47.pdf
Gent,Besluit_470.pdf,bewaard_relevant,pdfs\Gent\Besluit_470.pdf
Gent,Besluit_471.pdf,verwijderen,pdfs\Gent\Besluit_471.pdf
Gent,Besluit_472.pdf,verwijderen,pdfs\Gent\Besluit_472.pdf
Gent,Besluit_473.pdf,verwijderen,pdfs\Gent\Besluit_473.pdf
Gent,Besluit_474.pdf,bewaard_relevant,pdfs\Gent\Besluit_474.pdf
Gent,Besluit_475.pdf,verwijderen,pdfs\Gent\Besluit_475.pdf
Gent,Besluit_476.pdf,bewaard_relevant,pdfs\Gent\Besluit_476.pdf
Gent,Besluit_477.pdf,bewaard_relevant,pdfs\Gent\Besluit_477.pdf
Gent,Besluit_478.pdf,bewaard_relevant,pdfs\Gent\Besluit_478.pdf
Gent,Besluit_479.pdf,verwijderen,pdfs\Gent\Besluit_479.pdf
Gent,Besluit_48.pdf,verwijderen,pdfs\Gent\Besluit_48.pdf
Gent,Besluit_480.pdf,verwijderen,pdfs\Gent\Besluit_480.pdf
Gent,Besluit_481.pdf,bewaard_relevant,pdfs\Gent\Besluit_481.pdf
Gent,Besluit_482.pdf,bewaard_relevant,pdfs\Gent\Besluit_482.pdf
Gent,Besluit_483.pdf,bewaard_relevant,pdfs\Gent\Besluit_483.pdf
Gent,Besluit_484.pdf,verwijderen,pdfs\Gent\Besluit_484.pdf
Gent,Besluit_485.pdf,bewaard_relevant,pdfs\Gent\Besluit_485.pdf
Gent,Besluit_486.pdf,bewaard_relevant,pdfs\Gent\Besluit_486.pdf
Gent,Besluit_487.pdf,bewaard_relevant,pdfs\Gent\Besluit_487.pdf
Gent,Besluit_488.pdf,verwijderen,pdfs\Gent\Besluit_488.pdf
Gent,Besluit_489.pdf,bewaard_relevant,pdfs\Gent\Besluit_489.pdf
Gent,Besluit_49.pdf,bewaard_relevant,pdfs\Gent\Besluit_49.pdf
Gent,Besluit_490.pdf,bewaard_relevant,pdfs\Gent\Besluit_490.pdf
Gent,Besluit_491.pdf,bewaard_relevant,pdfs\Gent\Besluit_491.pdf
Gent,Besluit_492.pdf,bewaard_relevant,pdfs\Gent\Besluit_492.pdf
Gent,Besluit_493.pdf,bewaard_relevant,pdfs\Gent\Besluit_493.pdf
Gent,Besluit_494.pdf,verwijderen,pdfs\Gent\Besluit_494.pdf
Gent,Besluit_495.pdf,bewaard_relevant,pdfs\Gent\Besluit_495.pdf
Gent,Besluit_496.pdf,bewaard_relevant,pdfs\Gent\Besluit_496.pdf
Gent,Besluit_497.pdf,bewaard_relevant,pdfs\Gent\Besluit_497.pdf
Gent,Besluit_498.pdf,bewaard_relevant,pdfs\Gent\Besluit_498.pdf
Gent,Besluit_499.pdf,bewaard_relevant,pdfs\Gent\Besluit_499.pdf
Gent,Besluit_5.pdf,bewaard_relevant,pdfs\Gent\Besluit_5.pdf
Gent,Besluit_50.pdf,bewaard_relevant,pdfs\Gent\Besluit_50.pdf
Gent,Besluit_500.pdf,bewaard_relevant,pdfs\Gent\Besluit_500.pdf
Gent,Besluit_501.pdf,bewaard_relevant,pdfs\Gent\Besluit_501.pdf
Gent,Besluit_502.pdf,bewaard_relevant,pdfs\Gent\Besluit_502.pdf
Gent,Besluit_503.pdf,bewaard_relevant,pdfs\Gent\Besluit_503.pdf
Gent,Besluit_504.pdf,verwijderen,pdfs\Gent\Besluit_504.pdf
Gent,Besluit_505.pdf,bewaard_relevant,pdfs\Gent\Besluit_505.pdf
Gent,Besluit_506.pdf,bewaard_relevant,pdfs\Gent\Besluit_506.pdf
Gent,Besluit_507.pdf,verwijderen,pdfs\Gent\Besluit_507.pdf
Gent,Besluit_508.pdf,verwijderen,pdfs\Gent\Besluit_508.pdf
Gent,Besluit_509.pdf,verwijderen,pdfs\Gent\Besluit_509.pdf
Gent,Besluit_51.pdf,verwijderen,pdfs\Gent\Besluit_51.pdf
Gent,Besluit_510.pdf,bewaard_relevant,pdfs\Gent\Besluit_510.pdf
Gent,Besluit_511.pdf,verwijderen,pdfs\Gent\Besluit_511.pdf
Gent,Besluit_512.pdf,verwijderen,pdfs\Gent\Besluit_512.pdf
Gent,Besluit_513.pdf,bewaard_relevant,pdfs\Gent\Besluit_513.pdf
Gent,Besluit_514.pdf,bewaard_relevant,pdfs\Gent\Besluit_514.pdf
Gent,Besluit_515.pdf,bewaard_relevant,pdfs\Gent\Besluit_515.pdf
Gent,Besluit_516.pdf,verwijderen,pdfs\Gent\Besluit_516.pdf
Gent,Besluit_517.pdf,verwijderen,pdfs\Gent\Besluit_517.pdf
Gent,Besluit_518.pdf,bewaard_relevant,pdfs\Gent\Besluit_518.pdf
Gent,Besluit_519.pdf,bewaard_relevant,pdfs\Gent\Besluit_519.pdf
Gent,Besluit_52.pdf,bewaard_relevant,pdfs\Gent\Besluit_52.pdf
Gent,Besluit_520.pdf,verwijderen,pdfs\Gent\Besluit_520.pdf
Gent,Besluit_521.pdf,bewaard_relevant,pdfs\Gent\Besluit_521.pdf
Gent,Besluit_522.pdf,bewaard_relevant,pdfs\Gent\Besluit_522.pdf
Gent,Besluit_523.pdf,bewaard_relevant,pdfs\Gent\Besluit_523.pdf
Gent,Besluit_524.pdf,verwijderen,pdfs\Gent\Besluit_524.pdf
Gent,Besluit_525.pdf,bewaard_relevant,pdfs\Gent\Besluit_525.pdf
Gent,Besluit_526.pdf,bewaard_relevant,pdfs\Gent\Besluit_526.pdf
Gent,Besluit_527.pdf,bewaard_relevant,pdfs\Gent\Besluit_527.pdf
Gent,Besluit_528.pdf,bewaard_relevant,pdfs\Gent\Besluit_528.pdf
Gent,Besluit_529.pdf,verwijderen,pdfs\Gent\Besluit_529.pdf
Gent,Besluit_53.pdf,bewaard_relevant,pdfs\Gent\Besluit_53.pdf
Gent,Besluit_530.pdf,bewaard_relevant,pdfs\Gent\Besluit_530.pdf
Gent,Besluit_531.pdf,bewaard_relevant,pdfs\Gent\Besluit_531.pdf
Gent,Besluit_532.pdf,verwijderen,pdfs\Gent\Besluit_532.pdf
Gent,Besluit_533.pdf,bewaard_relevant,pdfs\Gent\Besluit_533.pdf
Gent,Besluit_534.pdf,verwijderen,pdfs\Gent\Besluit_534.pdf
Gent,Besluit_535.pdf,bewaard_relevant,pdfs\Gent\Besluit_535.pdf
Gent,Besluit_536.pdf,bewaard_relevant,pdfs\Gent\Besluit_536.pdf
Gent,Besluit_537.pdf,bewaard_relevant,pdfs\Gent\Besluit_537.pdf
Gent,Besluit_538.pdf,verwijderen,pdfs\Gent\Besluit_538.pdf
Gent,Besluit_539.pdf,verwijderen,pdfs\Gent\Besluit_539.pdf
Gent,Besluit_54.pdf,bewaard_relevant,pdfs\Gent\Besluit_54.pdf
Gent,Besluit_540.pdf,bewaard_relevant,pdfs\Gent\Besluit_540.pdf
Gent,Besluit_541.pdf,bewaard_relevant,pdfs\Gent\Besluit_541.pdf
Gent,Besluit_542.pdf,bewaard_relevant,pdfs\Gent\Besluit_542.pdf
Gent,Besluit_543.pdf,bewaard_relevant,pdfs\Gent\Besluit_543.pdf
Gent,Besluit_544.pdf,verwijderen,pdfs\Gent\Besluit_544.pdf
Gent,Besluit_545.pdf,bewaard_relevant,pdfs\Gent\Besluit_545.pdf
Gent,Besluit_546.pdf,bewaard_relevant,pdfs\Gent\Besluit_546.pdf
Gent,Besluit_547.pdf,bewaard_relevant,pdfs\Gent\Besluit_547.pdf
Gent,Besluit_548.pdf,bewaard_relevant,pdfs\Gent\Besluit_548.pdf
Gent,Besluit_549.pdf,bewaard_relevant,pdfs\Gent\Besluit_549.pdf
Gent,Besluit_55.pdf,bewaard_relevant,pdfs\Gent\Besluit_55.pdf
Gent,Besluit_56.pdf,bewaard_relevant,pdfs\Gent\Besluit_56.pdf
Gent,Besluit_57.pdf,bewaard_relevant,pdfs\Gent\Besluit_57.pdf
Gent,Besluit_58.pdf,bewaard_relevant,pdfs\Gent\Besluit_58.pdf
Gent,Besluit_59.pdf,bewaard_relevant,pdfs\Gent\Besluit_59.pdf
Gent,Besluit_6.pdf,bewaard_relevant,pdfs\Gent\Besluit_6.pdf
Gent,Besluit_60.pdf,bewaard_relevant,pdfs\Gent\Besluit_60.pdf
Gent,Besluit_61.pdf,bewaard_relevant,pdfs\Gent\Besluit_61.pdf
Gent,Besluit_62.pdf,verwijderen,pdfs\Gent\Besluit_62.pdf
Gent,Besluit_63.pdf,verwijderen,pdfs\Gent\Besluit_63.pdf
Gent,Besluit_64.pdf,bewaard_relevant,pdfs\Gent\Besluit_64.pdf
Gent,Besluit_65.pdf,bewaard_relevant,pdfs\Gent\Besluit_65.pdf
Gent,Besluit_66.pdf,bewaard_relevant,pdfs\Gent\Besluit_66.pdf
Gent,Besluit_67.pdf,bewaard_relevant,pdfs\Gent\Besluit_67.pdf
Gent,Besluit_68.pdf,verwijderen,pdfs\Gent\Besluit_68.pdf
Gent,Besluit_69.pdf,verwijderen,pdfs\Gent\Besluit_69.pdf
Gent,Besluit_7.pdf,bewaard_relevant,pdfs\Gent\Besluit_7.pdf
Gent,Besluit_70.pdf,bewaard_relevant,pdfs\Gent\Besluit_70.pdf
Gent,Besluit_71.pdf,verwijderen,pdfs\Gent\Besluit_71.pdf
Gent,Besluit_72.pdf,verwijderen,pdfs\Gent\Besluit_72.pdf
Gent,Besluit_73.pdf,bewaard_relevant,pdfs\Gent\Besluit_73.pdf
Gent,Besluit_74.pdf,verwijderen,pdfs\Gent\Besluit_74.pdf
Gent,Besluit_75.pdf,bewaard_relevant,pdfs\Gent\Besluit_75.pdf
Gent,Besluit_76.pdf,verwijderen,pdfs\Gent\Besluit_76.pdf
Gent,Besluit_77.pdf,verwijderen,pdfs\Gent\Besluit_77.pdf
Gent,Besluit_78.pdf,bewaard_relevant,pdfs\Gent\Besluit_78.pdf
Gent,Besluit_79.pdf,verwijderen,pdfs\Gent\Besluit_79.pdf
Gent,Besluit_8.pdf,bewaard_relevant,pdfs\Gent\Besluit_8.pdf
Gent,Besluit_80.pdf,bewaard_relevant,pdfs\Gent\Besluit_80.pdf
Gent,Besluit_81.pdf,verwijderen,pdfs\Gent\Besluit_81.pdf
Gent,Besluit_82.pdf,verwijderen,pdfs\Gent\Besluit_82.pdf
Gent,Besluit_83.pdf,bewaard_relevant,pdfs\Gent\Besluit_83.pdf
Gent,Besluit_84.pdf,verwijderen,pdfs\Gent\Besluit_84.pdf
Gent,Besluit_85.pdf,bewaard_relevant,pdfs\Gent\Besluit_85.pdf
Gent,Besluit_86.pdf,verwijderen,pdfs\Gent\Besluit_86.pdf
Gent,Besluit_87.pdf,verwijderen,pdfs\Gent\Besluit_87.pdf
Gent,Besluit_88.pdf,bewaard_relevant,pdfs\Gent\Besluit_88.pdf
Gent,Besluit_89.pdf,verwijderen,pdfs\Gent\Besluit_89.pdf
Gent,Besluit_9.pdf,bewaard_relevant,pdfs\Gent\Besluit_9.pdf
Gent,Besluit_90.pdf,bewaard_relevant,pdfs\Gent\Besluit_90.pdf
Gent,Besluit_91.pdf,bewaard_relevant,pdfs\Gent\Besluit_91.pdf
Gent,Besluit_92.pdf,bewaard_relevant,pdfs\Gent\Besluit_92.pdf
Gent,Besluit_93.pdf,bewaard_relevant,pdfs\Gent\Besluit_93.pdf
Gent,Besluit_94.pdf,bewaard_relevant,pdfs\Gent\Besluit_94.pdf
Gent,Besluit_95.pdf,bewaard_relevant,pdfs\Gent\Besluit_95.pdf
Gent,Besluit_96.pdf,bewaard_relevant,pdfs\Gent\Besluit_96.pdf
Gent,Besluit_97.pdf,bewaard_relevant,pdfs\Gent\Besluit_97.pdf
Gent,Besluit_98.pdf,bewaard_relevant,pdfs\Gent\Besluit_98.pdf
Gent,Besluit_99.pdf,bewaard_relevant,pdfs\Gent\Besluit_99.pdf
